{
  "project_info": {
    "project_number": "785495108308",
    "firebase_url": "https://taskmaster-babd7.firebaseio.com",
    "project_id": "taskmaster-babd7",
    "storage_bucket": "taskmaster-babd7.appspot.com"
  },
  "client": [
    {
      "client_info": {
        "mobilesdk_app_id": "1:785495108308:android:1707491b07a83344",
        "android_client_info": {
          "package_name": "com.trey.taskmaster"
        }
      },
      "oauth_client": [
        {
          "client_id": "785495108308-nrtj6k30d2726p6mepvvjki8a1kni40r.apps.googleusercontent.com",
          "client_type": 3
        }
      ],
      "api_key": [
        {
          "current_key": "AIzaSyAuGLcNfCWr7qxIkfAgAFl2ikzpjeAvJNg"
        }
      ],
      "services": {
        "appinvite_service": {
          "other_platform_oauth_client": [
            {
              "client_id": "785495108308-nrtj6k30d2726p6mepvvjki8a1kni40r.apps.googleusercontent.com",
              "client_type": 3
            }
          ]
        }
      }
    }
  ],
  "configuration_version": "1"
}